Metric,Value
Accuracy,0.7874911158493249
Precision,0.6205787781350482
Recall,0.516042780748663
F1 Score,0.5635036496350365
